timestamp,dataset_changed,status,response_time_ms,action_type
2025-10-21T21:03:35.509051,dataset/student_scores.csv,failure,15052.1,deploy
2025-10-21T21:06:22.744670,dataset/student_scores.csv,failure,15034.21,deploy
2025-10-21T21:06:52.689379,dataset/student_scores.csv,failure,15013.27,heal_restore
2025-10-21T21:08:09.969113,dataset/student_scores.csv,failure,15016.68,deploy
2025-10-21T21:08:29.596959,dataset/student_scores.csv,failure,15028.72,heal_retry
2025-10-21T21:11:39.187881,dataset/student_scores.csv,failure,15033.19,deploy
2025-10-21T21:11:56.791898,dataset/student_scores.csv,success,200,heal_adjust
2025-10-21T21:12:45.634923,dataset/student_scores.csv,failure,15032.06,deploy
2025-10-21T21:13:35.177409,dataset/student_scores.csv,failure,15022.97,heal_retry
2025-10-22T06:12:39.133052,dataset/student_scores.csv,failure,15276.31,deploy
2025-10-22T06:16:00.709411,dataset/student_scores.csv,success,15388.35,heal_retry
2025-10-22T06:19:02.055688,dataset/patient_health.csv,failure,15029.85,deploy
2025-10-22T06:19:42.776994,dataset/patient_health.csv,failure,15025.56,heal_restore
2025-10-22T06:20:18.392258,dataset/patient_health.csv,failure,15026.53,deploy
2025-10-22T06:20:23.052438,dataset/patient_health.csv,success,200,heal_adjust
2025-10-22T06:21:51.863549,dataset/student_scores.csv,success,20000,deploy
2025-10-22T06:22:12.693994,dataset/student_scores.csv,failure,15410.95,heal_retry
2025-10-22T06:23:03.989136,dataset/student_scores.csv,success,20000,deploy
2025-10-22T06:23:27.935136,dataset/student_scores.csv,failure,15015.67,heal_retry
2025-10-22T06:24:05.362330,dataset/student_scores.csv,success,20000,deploy
2025-10-22T06:24:28.551140,dataset/student_scores.csv,failure,15043.09,heal_restore
2025-10-22T06:24:53.309209,dataset/student_scores.csv,success,20000,deploy
2025-10-22T06:24:58.316760,dataset/student_scores.csv,success,200,heal_adjust
2025-10-22T06:25:52.406683,dataset/student_scores.csv,failure,15059.76,deploy
2025-10-22T06:26:19.006380,dataset/student_scores.csv,success,200,heal_adjust
2025-10-22T06:26:37.721601,dataset/student_scores.csv,failure,15022.5,deploy
2025-10-22T06:26:56.890560,dataset/student_scores.csv,failure,15035.51,heal_restore
2025-10-22T11:33:50.310829,dataset/student_scores.csv,failure,15483.93,deploy
2025-10-22T11:34:40.596984,dataset/student_scores.csv,failure,15020.22,heal_retry
2025-10-22T11:40:09.442694,dataset/student_scores.csv,failure,15049.87,deploy
2025-10-22T11:40:29.377010,dataset/student_scores.csv,failure,15021.55,heal_retry
2025-10-22T11:41:16.456276,dataset/student_scores.csv,failure,15016.49,deploy
2025-10-22T11:41:16.599112,dataset/student_scores.csv,success,200,heal_adjust
2025-10-22T11:46:13.537501,dataset/student_scores.csv,success,20000,deploy
2025-10-22T11:47:58.836201,dataset/student_scores.csv,failure,15048.41,heal_restore
2025-10-22T11:56:59.877197,dataset/student_scores.csv,success,20000,deploy
2025-10-22T11:58:51.404495,dataset/student_scores.csv,success,200,heal_adjust
2025-10-22T14:46:38.888753,dataset/student_scores.csv,success,20000,deploy
2025-10-22T14:46:56.314545,dataset/student_scores.csv,success,200,heal_adjust
2025-10-22T14:47:44.443386,dataset/student_scores.csv,failure,15030.25,deploy
2025-10-22T14:48:07.328852,dataset/student_scores.csv,failure,15035.34,heal_restore
2025-10-22T14:49:28.159910,dataset/student_scores.csv,failure,2000,deploy
2025-10-22T14:49:50.579493,dataset/student_scores.csv,failure,15031.19,heal_retry
2025-10-23T10:05:31.055791,dataset/student_scores.csv,failure,2000,deploy
2025-10-23T10:06:19.278569,dataset/student_scores.csv,failure,15059.51,heal_restore
