timestamp,strategy,status,response_time_ms
2025-10-21T10:58:03.159200,adjust_thresholds,success,200
2025-10-21T13:47:58.271310,restore_previous_version,failure,15020.13
2025-10-21T21:06:37.891226,restore_previous_version,failure,15013.27
2025-10-21T21:08:25.097800,retry_deployment,failure,15028.72
2025-10-21T21:11:39.307596,adjust_thresholds,success,200
2025-10-21T21:13:00.750107,retry_deployment,failure,15022.97
2025-10-22T06:12:54.799674,retry_deployment,success,15388.35
2025-10-22T06:19:17.156736,restore_previous_version,failure,15025.56
2025-10-22T06:20:18.404384,adjust_thresholds,success,200
2025-10-22T06:22:07.458362,retry_deployment,failure,15410.95
2025-10-22T06:23:19.067780,retry_deployment,failure,15015.67
2025-10-22T06:24:20.680965,restore_previous_version,failure,15043.09
2025-10-22T06:24:53.429398,adjust_thresholds,success,200
2025-10-22T06:25:52.565928,adjust_thresholds,success,200
2025-10-22T06:26:52.916774,restore_previous_version,failure,15035.51
2025-10-22T11:34:05.554250,retry_deployment,failure,15020.22
2025-10-22T11:40:24.583692,retry_deployment,failure,15021.55
2025-10-22T11:41:16.596861,adjust_thresholds,success,200
2025-10-22T11:46:28.737656,restore_previous_version,failure,15048.41
2025-10-22T11:57:00.126332,adjust_thresholds,success,200
2025-10-22T14:46:39.018310,adjust_thresholds,success,200
2025-10-22T14:47:59.722950,restore_previous_version,failure,15035.34
2025-10-22T14:49:43.296461,retry_deployment,failure,15031.19
2025-10-23T10:05:46.271466,restore_previous_version,failure,15059.51
