timestamp,event_type,dataset,status,details
2025-10-21T10:58:03.076247,Deployment,dataset/student_scores.csv,failure,Response time: 15057.24 ms
2025-10-21T10:58:03.137984,Post-Deploy Issue,dataset/student_scores.csv,deployment_failure,Last deployment attempt failed.
2025-10-21T10:58:03.176721,Healing (adjust_thresholds),dataset/student_scores.csv,success,200.00 ms
2025-10-21T13:38:34.286900,Deployment,dataset/student_scores.csv,failure,Response time: 15711.14 ms
2025-10-21T13:38:34.392052,Post-Deploy Issue,dataset/student_scores.csv,deployment_failure,Last deployment attempt failed.
2025-10-21T13:47:43.021449,Deployment,dataset/student_scores.csv,failure,Response time: 15038.12 ms
2025-10-21T13:47:43.133168,Post-Deploy Issue,dataset/student_scores.csv,deployment_failure,Last deployment attempt failed.
2025-10-21T13:47:58.280572,Healing (restore_previous_version),dataset/student_scores.csv,failure,15020.13 ms
2025-10-21T13:53:13.348146,Deployment,dataset/student_scores.csv,failure,Response time: 15048.54 ms
2025-10-21T13:53:13.457731,Post-Deploy Issue,dataset/student_scores.csv,deployment_failure,Last deployment attempt failed.
2025-10-21T13:56:27.123812,Deployment,dataset/student_scores.csv,failure,Response time: 15049.17 ms
2025-10-21T13:56:27.218050,Post-Deploy Issue,dataset/student_scores.csv,deployment_failure,Last deployment attempt failed.
2025-10-21T14:03:00.327242,Deployment,dataset/student_scores.csv,failure,Response time: 15048.61 ms
2025-10-21T14:03:00.460407,Post-Deploy Issue,dataset/student_scores.csv,deployment_failure,Last deployment attempt failed.
2025-10-21T20:11:03.324374,Deployment,dataset/student_scores.csv,failure,Response time: 15030.94 ms
2025-10-21T20:11:03.400293,Post-Deploy Issue,dataset/student_scores.csv,deployment_failure,Last deployment attempt failed.
2025-10-21T20:49:25.036472,Deployment,dataset/student_scores.csv,failure,Response time: 15067.97 ms
2025-10-21T20:49:25.184595,Post-Deploy Issue,dataset/student_scores.csv,deployment_failure,Last deployment attempt failed.
