timestamp,status,event
2025-10-21T10:57:47.804772,UP,Initial status check
2025-10-21T10:58:03.140985,DOWN,Last deployment attempt failed.
2025-10-21T13:37:58.594321,UP,Recovery successful via heal_adjust
2025-10-21T13:38:34.403119,DOWN,Last deployment attempt failed.
2025-10-21T21:11:56.801904,UP,Recovery successful via heal_adjust
2025-10-21T21:12:45.722104,DOWN,Last deployment attempt failed.
2025-10-22T06:16:00.718807,UP,Recovery successful via heal_retry
2025-10-22T06:19:02.080451,DOWN,High heart rate detected (150).
2025-10-22T06:20:23.068714,UP,Recovery successful via heal_adjust
2025-10-22T06:21:52.039607,DOWN,High latency detected: 20000.00 ms.
2025-10-22T06:24:58.329306,UP,Recovery successful via heal_adjust
2025-10-22T06:25:52.557406,DOWN,Last deployment attempt failed.
2025-10-22T06:26:19.006380,UP,Recovery successful via heal_adjust
2025-10-22T06:26:37.824244,DOWN,Last deployment attempt failed.
2025-10-22T11:41:16.602515,UP,Recovery successful via heal_adjust
2025-10-22T11:46:13.650707,DOWN,High latency detected: 20000.00 ms.
2025-10-22T11:58:51.410006,UP,Recovery successful via heal_adjust
2025-10-22T14:46:39.015311,DOWN,High latency detected: 20000.00 ms.
2025-10-22T14:46:56.320563,UP,Recovery successful via heal_adjust
2025-10-22T14:47:44.598640,DOWN,Last deployment attempt failed.
